﻿<?xml version="1.0" encoding="utf-8" ?>
<hibernate-mapping xmlns="urn:nhibernate-mapping-2.2" assembly="LojaWeb" namespace="LojaWeb.Entidades">
  <class name="Usuario" abstract="true">

    <id name="Id">
      <generator class="identity"/>
    </id>
    <property name="Nome"/>

    <joined-subclass name="PessoaFisica">
      <key column="UsuarioId"/>
      <property name="CPF"/>
    </joined-subclass>

    <joined-subclass name="PessoaJuridica">
      <key column="UsuarioId"/>
      <property name="CNPJ"/>
    </joined-subclass>
  </class>
</hibernate-mapping>